Latitude,Longitude,Address
19.1742400,72.9913700,"Mindspace, Airoli, Airoli, Navi Mumbai  400708"
18.9909700,72.8143400,"Worli, Mumbai  400018"
19.2414700,72.8447500,"The Corner, New Link Road, Eksar Road, Borivali West, Mumbai 400091"
19.0126500,72.8236400,"Upper Ground Floor, Century Bhavan, Century Bazaar, Prabhadevi , Mumbai 400030"
19.0505400,72.8271400,"Reclamation, Chapel Road, Near Lilavati Hospital, Bandra (West), Mumbai 400050"
19.0919800,72.8560600,"Terminal 1B, Domestic Arrivals, Santa Cruz (East), Mumbai 400099"
19.0993200,72.8747300,"Terminal 2, International Arrivals, Andheri (East), Mumbai 400099"
18.9300900,72.8261300,"Ground Floor, Ram Mahal, 8 Dinshaw Vacha Road, Churchgate, Mumbai 400020"
19.1710600,72.8659100,"Oberoi Garden City, Goregaon East, Mumbai 400063"
18.9323100,72.8340900,"Horniman Circle , Veer Nariman Road, Mumbai 400001"
18.9563000,72.8119200,"Shree Krishna Hindu Merchant Club, Next to Wilson College, Girgaon Chowpatty, Mumbai 400007"
19.0605380,72.8986580,"57, DK Sandu Street, Chembur, Mumbai 400071"
19.0939400,72.9230500,"Ground Floor, Godrej One Building , Pirojshanagar, Vikhroli (East), Mumbai 400079"
19.0216400,73.0184000,"Upper Ground Floor, Grand Central Mall, Sector 40, Seaewoods railway station, Navi Mumbai  400703"
18.9950100,72.8245600,"First floor, High Street Phoenix Mall, Phoenix Mills Compound, Senapati Bapat Marg, Lower Parel, Mumbai 400013"
19.1162900,72.9096800,"Ground Floor, Prudential Building, Central Avenue Road, Powai, Mumbai 400076"
19.1005100,72.8275800,"Ground Floor, Hotel Bawa Continental , Juhu Tara Road, Juhu, Mumbai 400049?"
18.9214800,72.8324300,"Apollo Bunder Opp. Gateway of India, Colaba, Mumbai 400005"
19.0100000,72.8356000,"First Floor, Tower 2 Lobby, Indiabulls Finance Centre, Elphinstone Road (West), Mumbai 400013"
19.1413100,72.8308900,"Ground Floor, Infiniti Mall, New Link Road, Andheri (West), Mumbai 400053"
19.1849400,72.8342300,"Upper Ground Floor, Infiniti Mall, Link Road, Malad (West), Mumbai 400064"
19.1727000,72.8354500,"Ground Floor, Inorbit Mall, Link Road, Malad (West), Mumbai 400064"
19.0657500,73.0009700,"Ground Floor, Inorbit Mall, Sector 30A, Vashi, Navi Mumbai  400705"
19.1305710,72.8221800,"Kabra Metro One, Ground Floor,Aram Nagar, Seven Bungalow, Andheri West,Mumbai -400058"
18.9639990,72.8079340,"1st Floor, Kwality  House Below Kemps Corner Bridge Mumbai 400036"
19.1312300,72.8247600,"Four Bunglows, Andheri (West), Mumbai 400053"
19.0655400,72.8331700,"Off Linking Road, Corner of 24th & 33rd Road, Bandra (West), Mumbai 400050"
19.1473400,72.8236300,"Ground Floor, Silver Spring Building, Near Joggers Park, End of Lokhandwala Market, Mumbai  400053"
19.2130600,72.8423900,"Ground Floor, V Souk, Sector 10, Mahavir Nagar, Kandivali (West), Mumbai 400067"
19.0547700,72.8506300,"Ground floor, 3 North Avenue, Maker Maxity, Bandra-Kurla Complex, Bandra (East), Mumbai  400051"
18.9950500,72.8312400,"Upper Ground Floor, Marathon Futurex, NM Joshi Marg, Lower Parel, Mumbai 400013"
19.4427778,73.3025000,"National Highway 3 , Asangaon Mumbai 421601"
18.7942520,73.2962830,"Ground Floor, The Food Way, After Khalapur Toll Plaza, Behind Indian Oil, Mumbai 410203"
19.1526300,72.8556500,"Ground floor lobby, IT building 3, NESCO complex, Goregaon (East), Mumbai 400063"
19.1553700,72.8537600,"Ground floor, Block B6, Nirlon Knowledge Park, Off Western Express Highway, Goregaon (East), Mumbai 400063"
19.0609000,72.8648100,"A wing, Ground Floor, One BKC, G Block, Bandra Kurla Complex, Bandra (East), Mumbai 400 051"
18.9933100,73.1154950,Final Plot No.311PanvelNavi Mumbai 410206
18.9988700,72.8256840,"Peninsula Corporate Park,Club House,Tulsi Pipe Rd, Lower Parel, Mumbai -400013"
19.0863800,72.8892500,"First Floor, Phoenix Market City, Lal Bahadur Shastri Marg, Kurla (West), Mumbai 400070"
19.0997400,72.9163900,"Ground Floor, R City Mall, Lal Bahadur Shastri Marg, Ghatkopar (West), Mumbai 400086"
19.0755700,72.8317400,"Ground Floor, Red Chillies Entertainment Building, Junction of 15th Road and  Ram Krishna Mission Road, Santacruz (West), Mumbai 400054"
19.1605300,72.9456200,"R Galleria, Runwal Greens,  Goregaon-Mulund Link Road , Mumbai 400078"
18.9276100,72.8219800,"Ground Floor, Shree Nirmal Building, Behind Trident Hotel, Nariman Point, Mumbai 400021"
19.1119400,72.8608400,"Ground Floor, Club House, Solitaire Corporate Park, Chakala, Andheri East, Mumbai 400093"
19.0996000,72.8742700,"T2 Departure SHA, Level P9, Food Court Area, Andheri (East), Mumbai 400099"
19.0984430,72.8745040,"Outlet Code 4076, SHA, Level 4 CSMI Airport Mumbai 400099"
19.0632600,72.8616400,"Ground Floor, The Capital, Bandra Kurla Complex, Bandra (East), Mumbai 400051"
19.1023500,72.8783800,"Next to JW Marriott Sahar,  IA Project Rd, Andheri East, Mumbai 400099"
19.0594200,72.8370700,"Mi-Casa, Junction of St Theresa Road, Bandra West, Mumbai 400050"
19.0053300,72.8259200,"Kamala Mills Gate No. 4, P.B. Road, Lower Parel, Mumbai 400013"
19.1148400,72.8612100,"Ground Floor, Kanakia Wall Street, Andheri East, Mumbai 400093"
18.9307510,72.8330850,"Army and Navy Building,Kala Ghoda, Fort Mumbai 400001"
19.1657800,73.0753400,"Kalyan - Shilphata Road,  Palava City, Dombivli, Mumbai 421204"
19.2279450,72.9702580,"Gladys Alwares Road, Off Pokhran Road No. 2, Thane West, 400610"
19.2026600,72.9655300,"Upper Ground Level, Korum Mall, Off Eastern Express highway, Thane 400601"
19.2561700,72.9839000,"Ground Floor, The Walk, Hiranandani estate, Thane 400607"
19.2084600,72.9715400,"Ground Floor, Viviana Mall, Opp Eastern Express Highway, Thane 400606"
